INSERT INTO YENER.COUNTRY (id, iso2, iso3, name) VALUES (1, 'AF', 'AFG', 'Afghanistan');
INSERT INTO YENER.COUNTRY (id, iso2, iso3, name) VALUES (2, 'AX', 'ALA', 'Åland Islands');
INSERT INTO YENER.COUNTRY (id, iso2, iso3, name) VALUES (4, 'DZ', 'DZA', 'Algeria (El Djazaïr)');
INSERT INTO YENER.COUNTRY (id, iso2, iso3, name) VALUES (3, 'AL', 'ALB', 'Albania');
INSERT INTO YENER.COUNTRY (id, iso2, iso3, name) VALUES (5, 'AS', 'ASM', 'American Samoa');
INSERT INTO YENER.COUNTRY (id, iso2, iso3, name) VALUES (6, 'AD', 'AND', 'Andorra');
INSERT INTO YENER.COUNTRY (id, iso2, iso3, name) VALUES (7, 'AO', 'AGO', 'Angola');
INSERT INTO YENER.COUNTRY (id, iso2, iso3, name) VALUES (8, 'AI', 'AIA', 'Anguilla');
INSERT INTO YENER.COUNTRY (id, iso2, iso3, name) VALUES (9, 'AQ', 'ATA', 'Antarctica');
INSERT INTO YENER.COUNTRY (id, iso2, iso3, name) VALUES (10, 'AG', 'ATG', 'Antigua and Barbuda');
INSERT INTO YENER.COUNTRY (id, iso2, iso3, name) VALUES (11, 'AR', 'ARG', 'Argentina');
INSERT INTO YENER.COUNTRY (id, iso2, iso3, name) VALUES (12, 'AM', 'ARM', 'Armenia');
INSERT INTO YENER.COUNTRY (id, iso2, iso3, name) VALUES (13, 'AW', 'ABW', 'Aruba');
INSERT INTO YENER.COUNTRY (id, iso2, iso3, name) VALUES (14, 'AU', 'AUS', 'Australia');
INSERT INTO YENER.COUNTRY (id, iso2, iso3, name) VALUES (15, 'AT', 'AUT', 'Austria');
INSERT INTO YENER.COUNTRY (id, iso2, iso3, name) VALUES (16, 'AZ', 'AZE', 'Azerbaijan');
INSERT INTO YENER.COUNTRY (id, iso2, iso3, name) VALUES (17, 'BS', 'BHS', 'Bahamas');
INSERT INTO YENER.COUNTRY (id, iso2, iso3, name) VALUES (18, 'BH', 'BHR', 'Bahrain');
INSERT INTO YENER.COUNTRY (id, iso2, iso3, name) VALUES (19, 'BD', 'BGD', 'Bangladesh');
INSERT INTO YENER.COUNTRY (id, iso2, iso3, name) VALUES (20, 'BB', 'BRB', 'Barbados');
INSERT INTO YENER.COUNTRY (id, iso2, iso3, name) VALUES (21, 'BY', 'BLR', 'Belarus');
INSERT INTO YENER.COUNTRY (id, iso2, iso3, name) VALUES (22, 'BE', 'BEL', 'Belgium');
INSERT INTO YENER.COUNTRY (id, iso2, iso3, name) VALUES (23, 'BZ', 'BLZ', 'Belize');
INSERT INTO YENER.COUNTRY (id, iso2, iso3, name) VALUES (24, 'BJ', 'BEN', 'Benin');
INSERT INTO YENER.COUNTRY (id, iso2, iso3, name) VALUES (25, 'BM', 'BMU', 'Bermuda');
INSERT INTO YENER.COUNTRY (id, iso2, iso3, name) VALUES (26, 'BT', 'BTN', 'Bhutan');
INSERT INTO YENER.COUNTRY (id, iso2, iso3, name) VALUES (27, 'BO', 'BOL', 'Bolivia');
INSERT INTO YENER.COUNTRY (id, iso2, iso3, name) VALUES (28, 'BA', 'BIH', 'Bosnia and Herzegovina');
INSERT INTO YENER.COUNTRY (id, iso2, iso3, name) VALUES (29, 'BW', 'BWA', 'Botswana');
INSERT INTO YENER.COUNTRY (id, iso2, iso3, name) VALUES (30, 'BV', 'BVT', 'Bouvet Island');
INSERT INTO YENER.COUNTRY (id, iso2, iso3, name) VALUES (31, 'BR', 'BRA', 'Brazil');
INSERT INTO YENER.COUNTRY (id, iso2, iso3, name) VALUES (32, 'IO', 'IOT', 'British Indian Ocean Territory');
INSERT INTO YENER.COUNTRY (id, iso2, iso3, name) VALUES (33, 'BN', 'BRN', 'Brunei Darussalam');
INSERT INTO YENER.COUNTRY (id, iso2, iso3, name) VALUES (34, 'BG', 'BGR', 'Bulgaria');
INSERT INTO YENER.COUNTRY (id, iso2, iso3, name) VALUES (35, 'BF', 'BFA', 'Burkina Faso');
INSERT INTO YENER.COUNTRY (id, iso2, iso3, name) VALUES (36, 'BI', 'BDI', 'Burundi');
INSERT INTO YENER.COUNTRY (id, iso2, iso3, name) VALUES (37, 'KH', 'KHM', 'Cambodia');
INSERT INTO YENER.COUNTRY (id, iso2, iso3, name) VALUES (38, 'CM', 'CMR', 'Cameroon');
INSERT INTO YENER.COUNTRY (id, iso2, iso3, name) VALUES (39, 'CA', 'CAN', 'Canada');
INSERT INTO YENER.COUNTRY (id, iso2, iso3, name) VALUES (40, 'CV', 'CPV', 'Cape Verde');
INSERT INTO YENER.COUNTRY (id, iso2, iso3, name) VALUES (41, 'KY', 'CYM', 'Cayman Islands');
INSERT INTO YENER.COUNTRY (id, iso2, iso3, name) VALUES (42, 'CF', 'CAF', 'Central African Republic');
INSERT INTO YENER.COUNTRY (id, iso2, iso3, name) VALUES (43, 'TD', 'TCD', 'Chad (T''Chad)');
INSERT INTO YENER.COUNTRY (id, iso2, iso3, name) VALUES (44, 'CL', 'CHL', 'Chile');
INSERT INTO YENER.COUNTRY (id, iso2, iso3, name) VALUES (45, 'CN', 'CHN', 'China');
INSERT INTO YENER.COUNTRY (id, iso2, iso3, name) VALUES (46, 'CX', 'CXR', 'Christmas Island');
INSERT INTO YENER.COUNTRY (id, iso2, iso3, name) VALUES (47, 'CC', 'CCK', 'Cocos (Keeling) Islands');
INSERT INTO YENER.COUNTRY (id, iso2, iso3, name) VALUES (48, 'CO', 'COL', 'Colombia');
INSERT INTO YENER.COUNTRY (id, iso2, iso3, name) VALUES (49, 'KM', 'COM', 'Comoros');
INSERT INTO YENER.COUNTRY (id, iso2, iso3, name) VALUES (50, 'CG', 'COG', 'Congo, Republic Of');
INSERT INTO YENER.COUNTRY (id, iso2, iso3, name) VALUES (51, 'CD', 'COD', 'Congo, The Democratic Republic of the (formerly Zaire)');
INSERT INTO YENER.COUNTRY (id, iso2, iso3, name) VALUES (52, 'CK', 'COK', 'Cook Islands');
INSERT INTO YENER.COUNTRY (id, iso2, iso3, name) VALUES (53, 'CR', 'CRI', 'Costa Rica');
INSERT INTO YENER.COUNTRY (id, iso2, iso3, name) VALUES (54, 'CI', 'CIV', 'CÔte D''Ivoire (Ivory Coast)');
INSERT INTO YENER.COUNTRY (id, iso2, iso3, name) VALUES (55, 'HR', 'HRV', 'Croatia (hrvatska)');
INSERT INTO YENER.COUNTRY (id, iso2, iso3, name) VALUES (56, 'CU', 'CUB', 'Cuba');
INSERT INTO YENER.COUNTRY (id, iso2, iso3, name) VALUES (57, 'CY', 'CYP', 'Cyprus');
INSERT INTO YENER.COUNTRY (id, iso2, iso3, name) VALUES (58, 'CZ', 'CZE', 'Czech Republic');
INSERT INTO YENER.COUNTRY (id, iso2, iso3, name) VALUES (59, 'DK', 'DNK', 'Denmark');
INSERT INTO YENER.COUNTRY (id, iso2, iso3, name) VALUES (60, 'DJ', 'DJI', 'Djibouti');
INSERT INTO YENER.COUNTRY (id, iso2, iso3, name) VALUES (61, 'DM', 'DMA', 'Dominica');
INSERT INTO YENER.COUNTRY (id, iso2, iso3, name) VALUES (62, 'DO', 'DOM', 'Dominican Republic');
INSERT INTO YENER.COUNTRY (id, iso2, iso3, name) VALUES (63, 'EC', 'ECU', 'Ecuador');
INSERT INTO YENER.COUNTRY (id, iso2, iso3, name) VALUES (64, 'EG', 'EGY', 'Egypt');
INSERT INTO YENER.COUNTRY (id, iso2, iso3, name) VALUES (65, 'SV', 'SLV', 'El Salvador');
INSERT INTO YENER.COUNTRY (id, iso2, iso3, name) VALUES (66, 'GQ', 'GNQ', 'Equatorial Guinea');
INSERT INTO YENER.COUNTRY (id, iso2, iso3, name) VALUES (67, 'ER', 'ERI', 'Eritrea');
INSERT INTO YENER.COUNTRY (id, iso2, iso3, name) VALUES (68, 'EE', 'EST', 'Estonia');
INSERT INTO YENER.COUNTRY (id, iso2, iso3, name) VALUES (69, 'ET', 'ETH', 'Ethiopia');
INSERT INTO YENER.COUNTRY (id, iso2, iso3, name) VALUES (70, 'FO', 'FRO', 'Faeroe Islands');
INSERT INTO YENER.COUNTRY (id, iso2, iso3, name) VALUES (71, 'FK', 'FLK', 'Falkland Islands (Malvinas)');
INSERT INTO YENER.COUNTRY (id, iso2, iso3, name) VALUES (72, 'FJ', 'FJI', 'Fiji');
INSERT INTO YENER.COUNTRY (id, iso2, iso3, name) VALUES (73, 'FI', 'FIN', 'Finland');
INSERT INTO YENER.COUNTRY (id, iso2, iso3, name) VALUES (74, 'FR', 'FRA', 'France');
INSERT INTO YENER.COUNTRY (id, iso2, iso3, name) VALUES (75, 'GF', 'GUF', 'French Guiana');
INSERT INTO YENER.COUNTRY (id, iso2, iso3, name) VALUES (76, 'PF', 'PYF', 'French Polynesia');
INSERT INTO YENER.COUNTRY (id, iso2, iso3, name) VALUES (77, 'TF', 'ATF', 'French Southern Territories');
INSERT INTO YENER.COUNTRY (id, iso2, iso3, name) VALUES (78, 'GA', 'GAB', 'Gabon');
INSERT INTO YENER.COUNTRY (id, iso2, iso3, name) VALUES (79, 'GM', 'GMB', 'Gambia, The');
INSERT INTO YENER.COUNTRY (id, iso2, iso3, name) VALUES (80, 'GE', 'GEO', 'Georgia');
INSERT INTO YENER.COUNTRY (id, iso2, iso3, name) VALUES (81, 'DE', 'DEU', 'Germany (Deutschland)');
INSERT INTO YENER.COUNTRY (id, iso2, iso3, name) VALUES (82, 'GH', 'GHA', 'Ghana');
INSERT INTO YENER.COUNTRY (id, iso2, iso3, name) VALUES (83, 'GI', 'GIB', 'Gibraltar');
INSERT INTO YENER.COUNTRY (id, iso2, iso3, name) VALUES (84, 'GB', 'GBR', 'Great Britain');
INSERT INTO YENER.COUNTRY (id, iso2, iso3, name) VALUES (85, 'GR', 'GRC', 'Greece');
INSERT INTO YENER.COUNTRY (id, iso2, iso3, name) VALUES (86, 'GL', 'GRL', 'Greenland');
INSERT INTO YENER.COUNTRY (id, iso2, iso3, name) VALUES (87, 'GD', 'GRD', 'Grenada');
INSERT INTO YENER.COUNTRY (id, iso2, iso3, name) VALUES (88, 'GP', 'GLP', 'Guadeloupe');
INSERT INTO YENER.COUNTRY (id, iso2, iso3, name) VALUES (89, 'GU', 'GUM', 'Guam');
INSERT INTO YENER.COUNTRY (id, iso2, iso3, name) VALUES (90, 'GT', 'GTM', 'Guatemala');
INSERT INTO YENER.COUNTRY (id, iso2, iso3, name) VALUES (91, 'GN', 'GIN', 'Guinea');
INSERT INTO YENER.COUNTRY (id, iso2, iso3, name) VALUES (92, 'GW', 'GNB', 'Guinea-bissau');
INSERT INTO YENER.COUNTRY (id, iso2, iso3, name) VALUES (93, 'GY', 'GUY', 'Guyana');
INSERT INTO YENER.COUNTRY (id, iso2, iso3, name) VALUES (94, 'HT', 'HTI', 'Haiti');
INSERT INTO YENER.COUNTRY (id, iso2, iso3, name) VALUES (95, 'HM', 'HMD', 'Heard Island and Mcdonald Islands');
INSERT INTO YENER.COUNTRY (id, iso2, iso3, name) VALUES (96, 'HN', 'HND', 'Honduras');
INSERT INTO YENER.COUNTRY (id, iso2, iso3, name) VALUES (97, 'HK', 'HKG', 'Hong Kong (Special Administrative Region of China)');
INSERT INTO YENER.COUNTRY (id, iso2, iso3, name) VALUES (98, 'HU', 'HUN', 'Hungary');
INSERT INTO YENER.COUNTRY (id, iso2, iso3, name) VALUES (99, 'IS', 'ISL', 'Iceland');
INSERT INTO YENER.COUNTRY (id, iso2, iso3, name) VALUES (100, 'IN', 'IND', 'India');
INSERT INTO YENER.COUNTRY (id, iso2, iso3, name) VALUES (101, 'ID', 'IDN', 'Indonesia');
INSERT INTO YENER.COUNTRY (id, iso2, iso3, name) VALUES (102, 'IR', 'IRN', 'Iran (Islamic Republic of Iran)');
INSERT INTO YENER.COUNTRY (id, iso2, iso3, name) VALUES (103, 'IQ', 'IRQ', 'Iraq');
INSERT INTO YENER.COUNTRY (id, iso2, iso3, name) VALUES (104, 'IE', 'IRL', 'Ireland');
INSERT INTO YENER.COUNTRY (id, iso2, iso3, name) VALUES (105, 'IL', 'ISR', 'Israel');
INSERT INTO YENER.COUNTRY (id, iso2, iso3, name) VALUES (106, 'IT', 'ITA', 'Italy');
INSERT INTO YENER.COUNTRY (id, iso2, iso3, name) VALUES (107, 'JM', 'JAM', 'Jamaica');
INSERT INTO YENER.COUNTRY (id, iso2, iso3, name) VALUES (108, 'JP', 'JPN', 'Japan');
INSERT INTO YENER.COUNTRY (id, iso2, iso3, name) VALUES (109, 'JO', 'JOR', 'Jordan (Hashemite Kingdom of Jordan)');
INSERT INTO YENER.COUNTRY (id, iso2, iso3, name) VALUES (110, 'KZ', 'KAZ', 'Kazakhstan');
INSERT INTO YENER.COUNTRY (id, iso2, iso3, name) VALUES (111, 'KE', 'KEN', 'Kenya');
INSERT INTO YENER.COUNTRY (id, iso2, iso3, name) VALUES (112, 'KI', 'KIR', 'Kiribati');
INSERT INTO YENER.COUNTRY (id, iso2, iso3, name) VALUES (113, 'KP', 'PRK', 'Korea (Democratic Peoples Republic pf [North] Korea)');
INSERT INTO YENER.COUNTRY (id, iso2, iso3, name) VALUES (114, 'KR', 'KOR', 'Korea (Republic of [South] Korea)');
INSERT INTO YENER.COUNTRY (id, iso2, iso3, name) VALUES (115, 'KW', 'KWT', 'Kuwait');
INSERT INTO YENER.COUNTRY (id, iso2, iso3, name) VALUES (116, 'KG', 'KGZ', 'Kyrgyzstan');
INSERT INTO YENER.COUNTRY (id, iso2, iso3, name) VALUES (117, 'LA', 'LAO', 'Lao People''s Democratic Republic');
INSERT INTO YENER.COUNTRY (id, iso2, iso3, name) VALUES (118, 'LV', 'LVA', 'Latvia');
INSERT INTO YENER.COUNTRY (id, iso2, iso3, name) VALUES (119, 'LB', 'LBN', 'Lebanon');
INSERT INTO YENER.COUNTRY (id, iso2, iso3, name) VALUES (120, 'LS', 'LSO', 'Lesotho');
INSERT INTO YENER.COUNTRY (id, iso2, iso3, name) VALUES (121, 'LR', 'LBR', 'Liberia');
INSERT INTO YENER.COUNTRY (id, iso2, iso3, name) VALUES (122, 'LY', 'LBY', 'Libya (Libyan Arab Jamahirya)');
INSERT INTO YENER.COUNTRY (id, iso2, iso3, name) VALUES (123, 'LI', 'LIE', 'Liechtenstein (Fürstentum Liechtenstein)');
INSERT INTO YENER.COUNTRY (id, iso2, iso3, name) VALUES (124, 'LT', 'LTU', 'Lithuania');
INSERT INTO YENER.COUNTRY (id, iso2, iso3, name) VALUES (125, 'LU', 'LUX', 'Luxembourg');
INSERT INTO YENER.COUNTRY (id, iso2, iso3, name) VALUES (126, 'MO', 'MAC', 'Macao (Special Administrative Region of China)');
INSERT INTO YENER.COUNTRY (id, iso2, iso3, name) VALUES (127, 'MK', 'MKD', 'Macedonia (Former Yugoslav Republic of Macedonia)');
INSERT INTO YENER.COUNTRY (id, iso2, iso3, name) VALUES (128, 'MG', 'MDG', 'Madagascar');
INSERT INTO YENER.COUNTRY (id, iso2, iso3, name) VALUES (129, 'MW', 'MWI', 'Malawi');
INSERT INTO YENER.COUNTRY (id, iso2, iso3, name) VALUES (130, 'MY', 'MYS', 'Malaysia');
INSERT INTO YENER.COUNTRY (id, iso2, iso3, name) VALUES (131, 'MV', 'MDV', 'Maldives');
INSERT INTO YENER.COUNTRY (id, iso2, iso3, name) VALUES (132, 'ML', 'MLI', 'Mali');
INSERT INTO YENER.COUNTRY (id, iso2, iso3, name) VALUES (133, 'MT', 'MLT', 'Malta');
INSERT INTO YENER.COUNTRY (id, iso2, iso3, name) VALUES (134, 'MH', 'MHL', 'Marshall Islands');
INSERT INTO YENER.COUNTRY (id, iso2, iso3, name) VALUES (135, 'MQ', 'MTQ', 'Martinique');
INSERT INTO YENER.COUNTRY (id, iso2, iso3, name) VALUES (136, 'MR', 'MRT', 'Mauritania');
INSERT INTO YENER.COUNTRY (id, iso2, iso3, name) VALUES (137, 'MU', 'MUS', 'Mauritius');
INSERT INTO YENER.COUNTRY (id, iso2, iso3, name) VALUES (138, 'YT', 'MYT', 'Mayotte');
INSERT INTO YENER.COUNTRY (id, iso2, iso3, name) VALUES (139, 'MX', 'MEX', 'Mexico');
INSERT INTO YENER.COUNTRY (id, iso2, iso3, name) VALUES (140, 'FM', 'FSM', 'Micronesia (Federated States of Micronesia)');
INSERT INTO YENER.COUNTRY (id, iso2, iso3, name) VALUES (141, 'MD', 'MDA', 'Moldova');
INSERT INTO YENER.COUNTRY (id, iso2, iso3, name) VALUES (142, 'MC', 'MCO', 'Monaco');
INSERT INTO YENER.COUNTRY (id, iso2, iso3, name) VALUES (143, 'MN', 'MNG', 'Mongolia');
INSERT INTO YENER.COUNTRY (id, iso2, iso3, name) VALUES (144, 'MS', 'MSR', 'Montserrat');
INSERT INTO YENER.COUNTRY (id, iso2, iso3, name) VALUES (145, 'MA', 'MAR', 'Morocco');
INSERT INTO YENER.COUNTRY (id, iso2, iso3, name) VALUES (146, 'MZ', 'MOZ', 'Mozambique (Moçambique)');
INSERT INTO YENER.COUNTRY (id, iso2, iso3, name) VALUES (147, 'MM', 'MMR', 'Myanmar (formerly Burma)');
INSERT INTO YENER.COUNTRY (id, iso2, iso3, name) VALUES (148, 'NA', 'NAM', 'Namibia');
INSERT INTO YENER.COUNTRY (id, iso2, iso3, name) VALUES (149, 'NR', 'NRU', 'Nauru');
INSERT INTO YENER.COUNTRY (id, iso2, iso3, name) VALUES (150, 'NP', 'NPL', 'Nepal');
INSERT INTO YENER.COUNTRY (id, iso2, iso3, name) VALUES (151, 'NL', 'NLD', 'Netherlands');
INSERT INTO YENER.COUNTRY (id, iso2, iso3, name) VALUES (152, 'AN', 'ANT', 'Netherlands Antilles');
INSERT INTO YENER.COUNTRY (id, iso2, iso3, name) VALUES (153, 'NC', 'NCL', 'New Caledonia');
INSERT INTO YENER.COUNTRY (id, iso2, iso3, name) VALUES (154, 'NZ', 'NZL', 'New Zealand');
INSERT INTO YENER.COUNTRY (id, iso2, iso3, name) VALUES (155, 'NI', 'NIC', 'Nicaragua');
INSERT INTO YENER.COUNTRY (id, iso2, iso3, name) VALUES (156, 'NE', 'NER', 'Niger');
INSERT INTO YENER.COUNTRY (id, iso2, iso3, name) VALUES (157, 'NG', 'NGA', 'Nigeria');
INSERT INTO YENER.COUNTRY (id, iso2, iso3, name) VALUES (158, 'NU', 'NIU', 'Niue');
INSERT INTO YENER.COUNTRY (id, iso2, iso3, name) VALUES (159, 'NF', 'NFK', 'Norfolk Island');
INSERT INTO YENER.COUNTRY (id, iso2, iso3, name) VALUES (160, 'MP', 'MNP', 'Northern Mariana Islands');
INSERT INTO YENER.COUNTRY (id, iso2, iso3, name) VALUES (161, 'NO', 'NOR', 'Norway');
INSERT INTO YENER.COUNTRY (id, iso2, iso3, name) VALUES (162, 'OM', 'OMN', 'Oman');
INSERT INTO YENER.COUNTRY (id, iso2, iso3, name) VALUES (163, 'PK', 'PAK', 'Pakistan');
INSERT INTO YENER.COUNTRY (id, iso2, iso3, name) VALUES (164, 'PW', 'PLW', 'Palau');
INSERT INTO YENER.COUNTRY (id, iso2, iso3, name) VALUES (165, 'PS', 'PSE', 'Palestinian Territories');
INSERT INTO YENER.COUNTRY (id, iso2, iso3, name) VALUES (166, 'PA', 'PAN', 'Panama');
INSERT INTO YENER.COUNTRY (id, iso2, iso3, name) VALUES (167, 'PG', 'PNG', 'Papua New Guinea');
INSERT INTO YENER.COUNTRY (id, iso2, iso3, name) VALUES (168, 'PY', 'PRY', 'Paraguay');
INSERT INTO YENER.COUNTRY (id, iso2, iso3, name) VALUES (169, 'PE', 'PER', 'Peru');
INSERT INTO YENER.COUNTRY (id, iso2, iso3, name) VALUES (170, 'PH', 'PHL', 'Philippines');
INSERT INTO YENER.COUNTRY (id, iso2, iso3, name) VALUES (171, 'PN', 'PCN', 'Pitcairn');
INSERT INTO YENER.COUNTRY (id, iso2, iso3, name) VALUES (172, 'PL', 'POL', 'Poland');
INSERT INTO YENER.COUNTRY (id, iso2, iso3, name) VALUES (173, 'PT', 'PRT', 'Portugal');
INSERT INTO YENER.COUNTRY (id, iso2, iso3, name) VALUES (174, 'PR', 'PRI', 'Puerto Rico');
INSERT INTO YENER.COUNTRY (id, iso2, iso3, name) VALUES (175, 'QA', 'QAT', 'Qatar');
INSERT INTO YENER.COUNTRY (id, iso2, iso3, name) VALUES (176, 'RE', 'REU', 'RÉunion');
INSERT INTO YENER.COUNTRY (id, iso2, iso3, name) VALUES (177, 'RO', 'ROU', 'Romania');
INSERT INTO YENER.COUNTRY (id, iso2, iso3, name) VALUES (178, 'RU', 'RUS', 'Russian Federation');
INSERT INTO YENER.COUNTRY (id, iso2, iso3, name) VALUES (179, 'RW', 'RWA', 'Rwanda');
INSERT INTO YENER.COUNTRY (id, iso2, iso3, name) VALUES (180, 'SH', 'SHN', 'Saint Helena');
INSERT INTO YENER.COUNTRY (id, iso2, iso3, name) VALUES (181, 'KN', 'KNA', 'Saint Kitts and Nevis');
INSERT INTO YENER.COUNTRY (id, iso2, iso3, name) VALUES (182, 'LC', 'LCA', 'Saint Lucia');
INSERT INTO YENER.COUNTRY (id, iso2, iso3, name) VALUES (183, 'PM', 'SPM', 'Saint Pierre and Miquelon');
INSERT INTO YENER.COUNTRY (id, iso2, iso3, name) VALUES (184, 'VC', 'VCT', 'Saint Vincent and the Grenadines');
INSERT INTO YENER.COUNTRY (id, iso2, iso3, name) VALUES (185, 'WS', 'WSM', 'Samoa (formerly Western Samoa)');
INSERT INTO YENER.COUNTRY (id, iso2, iso3, name) VALUES (186, 'SM', 'SMR', 'San Marino (Republic of)');
INSERT INTO YENER.COUNTRY (id, iso2, iso3, name) VALUES (187, 'ST', 'STP', 'Sao Tome and Principe');
INSERT INTO YENER.COUNTRY (id, iso2, iso3, name) VALUES (188, 'SA', 'SAU', 'Saudi Arabia (Kingdom of Saudi Arabia)');
INSERT INTO YENER.COUNTRY (id, iso2, iso3, name) VALUES (189, 'SN', 'SEN', 'Senegal');
INSERT INTO YENER.COUNTRY (id, iso2, iso3, name) VALUES (190, 'CS', 'SCG', 'Serbia and Montenegro (formerly Yugoslavia)');
INSERT INTO YENER.COUNTRY (id, iso2, iso3, name) VALUES (191, 'SC', 'SYC', 'Seychelles');
INSERT INTO YENER.COUNTRY (id, iso2, iso3, name) VALUES (192, 'SL', 'SLE', 'Sierra Leone');
INSERT INTO YENER.COUNTRY (id, iso2, iso3, name) VALUES (193, 'SG', 'SGP', 'Singapore');
INSERT INTO YENER.COUNTRY (id, iso2, iso3, name) VALUES (194, 'SK', 'SVK', 'Slovakia (Slovak Republic)');
INSERT INTO YENER.COUNTRY (id, iso2, iso3, name) VALUES (195, 'SI', 'SVN', 'Slovenia');
INSERT INTO YENER.COUNTRY (id, iso2, iso3, name) VALUES (196, 'SB', 'SLB', 'Solomon Islands');
INSERT INTO YENER.COUNTRY (id, iso2, iso3, name) VALUES (197, 'SO', 'SOM', 'Somalia');
INSERT INTO YENER.COUNTRY (id, iso2, iso3, name) VALUES (198, 'ZA', 'ZAF', 'South Africa (zuid Afrika)');
INSERT INTO YENER.COUNTRY (id, iso2, iso3, name) VALUES (199, 'GS', 'SGS', 'South Georgia and the South Sandwich Islands');
INSERT INTO YENER.COUNTRY (id, iso2, iso3, name) VALUES (200, 'ES', 'ESP', 'Spain (españa)');
INSERT INTO YENER.COUNTRY (id, iso2, iso3, name) VALUES (201, 'LK', 'LKA', 'Sri Lanka');
INSERT INTO YENER.COUNTRY (id, iso2, iso3, name) VALUES (202, 'SD', 'SDN', 'Sudan');
INSERT INTO YENER.COUNTRY (id, iso2, iso3, name) VALUES (203, 'SR', 'SUR', 'Suriname');
INSERT INTO YENER.COUNTRY (id, iso2, iso3, name) VALUES (204, 'SJ', 'SJM', 'Svalbard and Jan Mayen');
INSERT INTO YENER.COUNTRY (id, iso2, iso3, name) VALUES (205, 'SZ', 'SWZ', 'Swaziland');
INSERT INTO YENER.COUNTRY (id, iso2, iso3, name) VALUES (206, 'SE', 'SWE', 'Sweden');
INSERT INTO YENER.COUNTRY (id, iso2, iso3, name) VALUES (207, 'CH', 'CHE', 'Switzerland (Confederation of Helvetia)');
INSERT INTO YENER.COUNTRY (id, iso2, iso3, name) VALUES (208, 'SY', 'SYR', 'Syrian Arab Republic');
INSERT INTO YENER.COUNTRY (id, iso2, iso3, name) VALUES (209, 'TW', 'TWN', 'Taiwan ("Chinese Taipei" for IOC)');
INSERT INTO YENER.COUNTRY (id, iso2, iso3, name) VALUES (210, 'TJ', 'TJK', 'Tajikistan');
INSERT INTO YENER.COUNTRY (id, iso2, iso3, name) VALUES (211, 'TZ', 'TZA', 'Tanzania');
INSERT INTO YENER.COUNTRY (id, iso2, iso3, name) VALUES (212, 'TH', 'THA', 'Thailand');
INSERT INTO YENER.COUNTRY (id, iso2, iso3, name) VALUES (213, 'TL', 'TLS', 'Timor-Leste (formerly East Timor)');
INSERT INTO YENER.COUNTRY (id, iso2, iso3, name) VALUES (214, 'TG', 'TGO', 'Togo');
INSERT INTO YENER.COUNTRY (id, iso2, iso3, name) VALUES (215, 'TK', 'TKL', 'Tokelau');
INSERT INTO YENER.COUNTRY (id, iso2, iso3, name) VALUES (216, 'TO', 'TON', 'Tonga');
INSERT INTO YENER.COUNTRY (id, iso2, iso3, name) VALUES (217, 'TT', 'TTO', 'Trinidad and Tobago');
INSERT INTO YENER.COUNTRY (id, iso2, iso3, name) VALUES (218, 'TN', 'TUN', 'Tunisia');
INSERT INTO YENER.COUNTRY (id, iso2, iso3, name) VALUES (219, 'TR', 'TUR', 'Turkey');
INSERT INTO YENER.COUNTRY (id, iso2, iso3, name) VALUES (220, 'TM', 'TKM', 'Turkmenistan');
INSERT INTO YENER.COUNTRY (id, iso2, iso3, name) VALUES (221, 'TC', 'TCA', 'Turks and Caicos Islands');
INSERT INTO YENER.COUNTRY (id, iso2, iso3, name) VALUES (222, 'TV', 'TUV', 'Tuvalu');
INSERT INTO YENER.COUNTRY (id, iso2, iso3, name) VALUES (223, 'UG', 'UGA', 'Uganda');
INSERT INTO YENER.COUNTRY (id, iso2, iso3, name) VALUES (224, 'UA', 'UKR', 'Ukraine');
INSERT INTO YENER.COUNTRY (id, iso2, iso3, name) VALUES (225, 'AE', 'ARE', 'United Arab Emirates');
INSERT INTO YENER.COUNTRY (id, iso2, iso3, name) VALUES (226, 'GB', 'GBR', 'United Kingdom (Great Britain)');
INSERT INTO YENER.COUNTRY (id, iso2, iso3, name) VALUES (227, 'US', 'USA', 'United States');
INSERT INTO YENER.COUNTRY (id, iso2, iso3, name) VALUES (228, 'UM', 'UMI', 'United States Minor Outlying Islands');
INSERT INTO YENER.COUNTRY (id, iso2, iso3, name) VALUES (229, 'UY', 'URY', 'Uruguay');
INSERT INTO YENER.COUNTRY (id, iso2, iso3, name) VALUES (230, 'UZ', 'UZB', 'Uzbekistan');
INSERT INTO YENER.COUNTRY (id, iso2, iso3, name) VALUES (231, 'VU', 'VUT', 'Vanuatu');
INSERT INTO YENER.COUNTRY (id, iso2, iso3, name) VALUES (232, 'VA', 'VAT', 'Vatican City (Holy See)');
INSERT INTO YENER.COUNTRY (id, iso2, iso3, name) VALUES (233, 'VE', 'VEN', 'Venezuela');
INSERT INTO YENER.COUNTRY (id, iso2, iso3, name) VALUES (234, 'VN', 'VNM', 'Viet Nam');
INSERT INTO YENER.COUNTRY (id, iso2, iso3, name) VALUES (235, 'VG', 'VGB', 'Virgin Islands, British');
INSERT INTO YENER.COUNTRY (id, iso2, iso3, name) VALUES (236, 'VI', 'VIR', 'Virgin Islands, U.S.');
INSERT INTO YENER.COUNTRY (id, iso2, iso3, name) VALUES (237, 'WF', 'WLF', 'Wallis and Futuna');
INSERT INTO YENER.COUNTRY (id, iso2, iso3, name) VALUES (238, 'EH', 'ESH', 'Western Sahara (formerly Spanish Sahara)');
INSERT INTO YENER.COUNTRY (id, iso2, iso3, name) VALUES (239, 'YE', 'YEM', 'Yemen (Arab Republic)');
INSERT INTO YENER.COUNTRY (id, iso2, iso3, name) VALUES (240, 'ZM', 'ZMB', 'Zambia');
INSERT INTO YENER.COUNTRY (id, iso2, iso3, name) VALUES (241, 'ZW', 'ZWE', 'Zimbabwe');

COMMIT;

INSERT INTO YENER.MOVIE(ID, TITLE, RELEASE_DATE) VALUES(SEQ_MOVIE.NEXTVAL, 'The Dark Knight', TO_DATE('18.07.2008', 'dd.mm.yyyy'));
INSERT INTO YENER.MOVIE(ID, TITLE, RELEASE_DATE) VALUES(SEQ_MOVIE.NEXTVAL, 'The Hunger Games', TO_DATE('23.03.2012', 'dd.mm.yyyy'));
INSERT INTO YENER.MOVIE(ID, TITLE, RELEASE_DATE) VALUES(SEQ_MOVIE.NEXTVAL, 'Crazy, Stupid, Love.', TO_DATE('29.07.2011', 'dd.mm.yyyy'));
INSERT INTO YENER.MOVIE(ID, TITLE, RELEASE_DATE) VALUES(SEQ_MOVIE.NEXTVAL, 'The Dark Knight Rises', TO_DATE('20.07.2012', 'dd.mm.yyyy'));

INSERT INTO YENER.ACTOR(ID, NAME, SURNAME, MIDDLE_NAME, BIRTH_DATE, SEX, COUNTRY_ID) VALUES(SEQ_PERSON.NEXTVAL, 'Christian', 'Bale', NULL, TO_DATE('30.01.1974', 'dd.mm.yyyy'), 'M', 226);
INSERT INTO YENER.ACTOR(ID, NAME, SURNAME, MIDDLE_NAME, BIRTH_DATE, SEX, COUNTRY_ID) VALUES(SEQ_PERSON.NEXTVAL, 'Heath', 'Ledger', NULL, TO_DATE('04.04.1979', 'dd.mm.yyyy'), 'M', 227);
INSERT INTO YENER.ACTOR(ID, NAME, SURNAME, MIDDLE_NAME, BIRTH_DATE, SEX, COUNTRY_ID) VALUES(SEQ_PERSON.NEXTVAL, 'Aaron', 'Eckhart', NULL, TO_DATE('12.03.1968', 'dd.mm.yyyy'), 'M', 227);
INSERT INTO YENER.ACTOR(ID, NAME, SURNAME, MIDDLE_NAME, BIRTH_DATE, SEX, COUNTRY_ID) VALUES(SEQ_PERSON.NEXTVAL, 'Michael', 'Caine', NULL, TO_DATE('14.03.1933', 'dd.mm.yyyy'), 'M', 226);
INSERT INTO YENER.ACTOR(ID, NAME, SURNAME, MIDDLE_NAME, BIRTH_DATE, SEX, COUNTRY_ID) VALUES(SEQ_PERSON.NEXTVAL, 'Maggie', 'Gyllenhaal', NULL, TO_DATE('16.11.1977', 'dd.mm.yyyy'), 'F', 227);
INSERT INTO YENER.ACTOR(ID, NAME, SURNAME, MIDDLE_NAME, BIRTH_DATE, SEX, COUNTRY_ID) VALUES(SEQ_PERSON.NEXTVAL, 'Gary', 'Oldman', NULL, TO_DATE('21.03.1958', 'dd.mm.yyyy'), 'M', 226);
INSERT INTO YENER.ACTOR(ID, NAME, SURNAME, MIDDLE_NAME, BIRTH_DATE, SEX, COUNTRY_ID) VALUES(SEQ_PERSON.NEXTVAL, 'Morgan', 'Freeman', NULL, TO_DATE('01.06.1937', 'dd.mm.yyyy'), 'M', 227);
INSERT INTO YENER.ACTOR(ID, NAME, SURNAME, MIDDLE_NAME, BIRTH_DATE, SEX, COUNTRY_ID) VALUES(SEQ_PERSON.NEXTVAL, 'Steve', 'Carell', NULL, TO_DATE('16.08.1962', 'dd.mm.yyyy'), 'M', 227);
INSERT INTO YENER.ACTOR(ID, NAME, SURNAME, MIDDLE_NAME, BIRTH_DATE, SEX, COUNTRY_ID) VALUES(SEQ_PERSON.NEXTVAL, 'Ryan', 'Gosling', NULL, TO_DATE('12.11.1980', 'dd.mm.yyyy'), 'M', 39);
INSERT INTO YENER.ACTOR(ID, NAME, SURNAME, MIDDLE_NAME, BIRTH_DATE, SEX, COUNTRY_ID) VALUES(SEQ_PERSON.NEXTVAL, 'Julianne', 'Moore', NULL, TO_DATE('03.12.1960', 'dd.mm.yyyy'), 'F', 227);
INSERT INTO YENER.ACTOR(ID, NAME, SURNAME, MIDDLE_NAME, BIRTH_DATE, SEX, COUNTRY_ID) VALUES(SEQ_PERSON.NEXTVAL, 'Emma', 'Stone', NULL, TO_DATE('06.11.1988', 'dd.mm.yyyy'), 'F', 227);
INSERT INTO YENER.ACTOR(ID, NAME, SURNAME, MIDDLE_NAME, BIRTH_DATE, SEX, COUNTRY_ID) VALUES(SEQ_PERSON.NEXTVAL, 'Elizabeth', 'Banks', NULL, TO_DATE('10.02.1974', 'dd.mm.yyyy'), 'F', 227);
INSERT INTO YENER.ACTOR(ID, NAME, SURNAME, MIDDLE_NAME, BIRTH_DATE, SEX, COUNTRY_ID) VALUES(SEQ_PERSON.NEXTVAL, 'Liam', 'Hemsworth', NULL, TO_DATE('13.01.1990', 'dd.mm.yyyy'), 'M', 14);
INSERT INTO YENER.ACTOR(ID, NAME, SURNAME, MIDDLE_NAME, BIRTH_DATE, SEX, COUNTRY_ID) VALUES(SEQ_PERSON.NEXTVAL, 'Willow', 'Shields', NULL, TO_DATE('01.06.2000', 'dd.mm.yyyy'), 'F', 227);
INSERT INTO YENER.ACTOR(ID, NAME, SURNAME, MIDDLE_NAME, BIRTH_DATE, SEX, COUNTRY_ID) VALUES(SEQ_PERSON.NEXTVAL, 'Jennifer', 'Lawrence', NULL, TO_DATE('15.08.1990', 'dd.mm.yyyy'), 'F', 227);
INSERT INTO YENER.ACTOR(ID, NAME, SURNAME, MIDDLE_NAME, BIRTH_DATE, SEX, COUNTRY_ID) VALUES(SEQ_PERSON.NEXTVAL, 'Wes', 'Bentley', NULL, TO_DATE('04.09.1978', 'dd.mm.yyyy'), 'M', 227);
INSERT INTO YENER.ACTOR(ID, NAME, SURNAME, MIDDLE_NAME, BIRTH_DATE, SEX, COUNTRY_ID) VALUES(SEQ_PERSON.NEXTVAL, 'Stanley', 'Tucci', NULL, TO_DATE('11.11.1960', 'dd.mm.yyyy'), 'M', 227);
INSERT INTO YENER.ACTOR(ID, NAME, SURNAME, MIDDLE_NAME, BIRTH_DATE, SEX, COUNTRY_ID) VALUES(SEQ_PERSON.NEXTVAL, 'Tom', 'Hardy', NULL, TO_DATE('15.09.1977', 'dd.mm.yyyy'), 'M', 226);
INSERT INTO YENER.ACTOR(ID, NAME, SURNAME, MIDDLE_NAME, BIRTH_DATE, SEX, COUNTRY_ID) VALUES(SEQ_PERSON.NEXTVAL, 'Joseph', 'Gordon-Levitt', 'Leonard', TO_DATE('17.02.1981', 'dd.mm.yyyy'), 'M', 227);
INSERT INTO YENER.ACTOR(ID, NAME, SURNAME, MIDDLE_NAME, BIRTH_DATE, SEX, COUNTRY_ID) VALUES(SEQ_PERSON.NEXTVAL, 'Anne', 'Hathaway', NULL, TO_DATE('12.11.1982', 'dd.mm.yyyy'), 'F', 227);
INSERT INTO YENER.ACTOR(ID, NAME, SURNAME, MIDDLE_NAME, BIRTH_DATE, SEX, COUNTRY_ID) VALUES(SEQ_PERSON.NEXTVAL, 'Marion', 'Cotillard', NULL, TO_DATE('30.09.1975', 'dd.mm.yyyy'), 'F', 74);

INSERT INTO YENER.DIRECTOR(ID, NAME, SURNAME, MIDDLE_NAME, BIRTH_DATE, SEX, COUNTRY_ID) VALUES(SEQ_PERSON.NEXTVAL, 'Glenn', 'Ficarra', NULL, TO_DATE('27.05.1956', 'dd.mm.yyyy'), 'M', 227);
INSERT INTO YENER.DIRECTOR(ID, NAME, SURNAME, MIDDLE_NAME, BIRTH_DATE, SEX, COUNTRY_ID) VALUES(SEQ_PERSON.NEXTVAL, 'John', 'Requa', NULL, NULL, 'M', 227);
INSERT INTO YENER.DIRECTOR(ID, NAME, SURNAME, MIDDLE_NAME, BIRTH_DATE, SEX, COUNTRY_ID) VALUES(SEQ_PERSON.NEXTVAL, 'Gary', 'Ross', NULL, TO_DATE('03.11.1956', 'dd.mm.yyyy'), 'M', 227);
INSERT INTO YENER.DIRECTOR(ID, NAME, SURNAME, MIDDLE_NAME, BIRTH_DATE, SEX, COUNTRY_ID) VALUES(SEQ_PERSON.NEXTVAL, 'Christopher', 'Nolan', NULL, TO_DATE('30.07.1970', 'dd.mm.yyyy'), 'M', 226);

INSERT INTO YENER.ACTOR(ID, NAME, SURNAME, MIDDLE_NAME, BIRTH_DATE, SEX, COUNTRY_ID) VALUES(SEQ_PERSON.NEXTVAL, 'Analeigh', 'Tipton', NULL, TO_DATE('09.11.1988', 'dd.mm.yyyy'), 'F', 227);
INSERT INTO YENER.GENRE(ID, GENRE_NAME) VALUES(1, 'Action');
INSERT INTO YENER.GENRE(ID, GENRE_NAME) VALUES(2, 'Adventure');
INSERT INTO YENER.GENRE(ID, GENRE_NAME) VALUES(3, 'Comedy');
INSERT INTO YENER.GENRE(ID, GENRE_NAME) VALUES(4, 'Crime');
INSERT INTO YENER.GENRE(ID, GENRE_NAME) VALUES(5, 'Erotica');
INSERT INTO YENER.GENRE(ID, GENRE_NAME) VALUES(6, 'Fiction');
INSERT INTO YENER.GENRE(ID, GENRE_NAME) VALUES(7, 'Fantasy');
INSERT INTO YENER.GENRE(ID, GENRE_NAME) VALUES(8, 'Historical');
INSERT INTO YENER.GENRE(ID, GENRE_NAME) VALUES(9, 'Horror');
INSERT INTO YENER.GENRE(ID, GENRE_NAME) VALUES(10, 'Mystery');
INSERT INTO YENER.GENRE(ID, GENRE_NAME) VALUES(11, 'Paranoid');
INSERT INTO YENER.GENRE(ID, GENRE_NAME) VALUES(12, 'Philosophical');
INSERT INTO YENER.GENRE(ID, GENRE_NAME) VALUES(13, 'Political');
INSERT INTO YENER.GENRE(ID, GENRE_NAME) VALUES(14, 'Romance');
INSERT INTO YENER.GENRE(ID, GENRE_NAME) VALUES(15, 'Saga');
INSERT INTO YENER.GENRE(ID, GENRE_NAME) VALUES(16, 'Satire');
INSERT INTO YENER.GENRE(ID, GENRE_NAME) VALUES(17, 'Science fiction');
INSERT INTO YENER.GENRE(ID, GENRE_NAME) VALUES(18, 'Slice of Life');
INSERT INTO YENER.GENRE(ID, GENRE_NAME) VALUES(19, 'Speculative');
INSERT INTO YENER.GENRE(ID, GENRE_NAME) VALUES(20, 'Thriller');
INSERT INTO YENER.GENRE(ID, GENRE_NAME) VALUES(21, 'Urban');


COMMIT;

INSERT INTO MOVIE_DIRECTOR(DIRECTOR_ID, MOVIE_ID) VALUES(25, 1);
INSERT INTO MOVIE_ACTOR(ACTOR_ID, MOVIE_ID) VALUES(1, 1);
INSERT INTO MOVIE_ACTOR(ACTOR_ID, MOVIE_ID) VALUES(2, 1);
INSERT INTO MOVIE_ACTOR(ACTOR_ID, MOVIE_ID) VALUES(3, 1);
INSERT INTO MOVIE_ACTOR(ACTOR_ID, MOVIE_ID) VALUES(4, 1);
INSERT INTO MOVIE_ACTOR(ACTOR_ID, MOVIE_ID) VALUES(5, 1);
INSERT INTO MOVIE_ACTOR(ACTOR_ID, MOVIE_ID) VALUES(6, 1);
INSERT INTO MOVIE_ACTOR(ACTOR_ID, MOVIE_ID) VALUES(7, 1);
INSERT INTO MOVIE_GENRE(GENRE_ID, MOVIE_ID) VALUES(1, 1);
INSERT INTO MOVIE_GENRE(GENRE_ID, MOVIE_ID) VALUES(4, 1);
INSERT INTO MOVIE_GENRE(GENRE_ID, MOVIE_ID) VALUES(20, 1);

INSERT INTO MOVIE_DIRECTOR(DIRECTOR_ID, MOVIE_ID) VALUES(24, 2);
INSERT INTO MOVIE_ACTOR(ACTOR_ID, MOVIE_ID) VALUES(17, 2);
INSERT INTO MOVIE_ACTOR(ACTOR_ID, MOVIE_ID) VALUES(16, 2);
INSERT INTO MOVIE_ACTOR(ACTOR_ID, MOVIE_ID) VALUES(15, 2);
INSERT INTO MOVIE_ACTOR(ACTOR_ID, MOVIE_ID) VALUES(14, 2);
INSERT INTO MOVIE_ACTOR(ACTOR_ID, MOVIE_ID) VALUES(13, 2);
INSERT INTO MOVIE_ACTOR(ACTOR_ID, MOVIE_ID) VALUES(12, 2);
INSERT INTO MOVIE_GENRE(GENRE_ID, MOVIE_ID) VALUES(2, 2);
INSERT INTO MOVIE_GENRE(GENRE_ID, MOVIE_ID) VALUES(17, 2);
INSERT INTO MOVIE_GENRE(GENRE_ID, MOVIE_ID) VALUES(20, 2);

INSERT INTO MOVIE_DIRECTOR(DIRECTOR_ID, MOVIE_ID) VALUES(22, 3);
INSERT INTO MOVIE_DIRECTOR(DIRECTOR_ID, MOVIE_ID) VALUES(23, 3);
INSERT INTO MOVIE_ACTOR(ACTOR_ID, MOVIE_ID) VALUES(8, 3);
INSERT INTO MOVIE_ACTOR(ACTOR_ID, MOVIE_ID) VALUES(9, 3);
INSERT INTO MOVIE_ACTOR(ACTOR_ID, MOVIE_ID) VALUES(10, 3);
INSERT INTO MOVIE_ACTOR(ACTOR_ID, MOVIE_ID) VALUES(11, 3);
INSERT INTO MOVIE_ACTOR(ACTOR_ID, MOVIE_ID) VALUES(26, 3);
INSERT INTO MOVIE_GENRE(GENRE_ID, MOVIE_ID) VALUES(3, 3);
INSERT INTO MOVIE_GENRE(GENRE_ID, MOVIE_ID) VALUES(14, 3);


INSERT INTO MOVIE_DIRECTOR(DIRECTOR_ID, MOVIE_ID) VALUES(25, 4);
INSERT INTO MOVIE_ACTOR(ACTOR_ID, MOVIE_ID) VALUES(1, 4);
INSERT INTO MOVIE_ACTOR(ACTOR_ID, MOVIE_ID) VALUES(6, 4);
INSERT INTO MOVIE_ACTOR(ACTOR_ID, MOVIE_ID) VALUES(18, 4);
INSERT INTO MOVIE_ACTOR(ACTOR_ID, MOVIE_ID) VALUES(11, 4);
INSERT INTO MOVIE_ACTOR(ACTOR_ID, MOVIE_ID) VALUES(19, 4);
INSERT INTO MOVIE_ACTOR(ACTOR_ID, MOVIE_ID) VALUES(20, 4);
INSERT INTO MOVIE_ACTOR(ACTOR_ID, MOVIE_ID) VALUES(21, 4);
INSERT INTO MOVIE_ACTOR(ACTOR_ID, MOVIE_ID) VALUES(7, 4);
INSERT INTO MOVIE_ACTOR(ACTOR_ID, MOVIE_ID) VALUES(4, 4);
INSERT INTO MOVIE_GENRE(GENRE_ID, MOVIE_ID) VALUES(1, 4);
INSERT INTO MOVIE_GENRE(GENRE_ID, MOVIE_ID) VALUES(4, 4);
INSERT INTO MOVIE_GENRE(GENRE_ID, MOVIE_ID) VALUES(20, 4);

COMMIT;

